id,source
00046.jpg,data/Images_Data_Set/003173f8-566d-449d-bbfc-8286c2d2ac91.jpg
00047.jpg,data/Images_Data_Set/00AE9EB9-551D-443E-A09E-8B40F846DA5D.jpg
00048.jpg,data/Images_Data_Set/00d8b1ce-934a-421c-ab26-4f54b3414766.jpg
00049.jpg,data/Images_Data_Set/0364cef0-8aac-46d6-8a84-5d47900c9517.jpg
00050.jpg,data/Images_Data_Set/055ab103f846b999f5069387c563bb9f.jpg
00051.jpg,data/Images_Data_Set/05c4d2c3-e8e5-49b5-aa6a-97ebd3a75e92.jpg
00052.jpg,data/Images_Data_Set/05d3d8c9020ad4a701778abf3d7ddd37.jpg
00053.jpg,data/Images_Data_Set/08418c2614ae11c6cf86cf968915ed03.jpg
00054.jpg,data/Images_Data_Set/0a7cf8c9-6b42-4853-b227-6ce2ed635876.jpg
00055.jpg,data/Images_Data_Set/0cff832bf1372f51b0bef1b24ad08866.jpg
00056.jpg,data/Images_Data_Set/0d246ca8-c1fb-499b-a336-4f9fdb6ee990.jpg
00057.jpg,data/Images_Data_Set/0e8c00b1-f004-4ea7-84bd-60ee6a0e4f49.jpg
00058.jpg,data/Images_Data_Set/0fae53fd-63f0-4907-acb6-260fb04fb25d.jpg
00059.jpg,data/Images_Data_Set/1 (1).jpg
00060.jpeg,data/Images_Data_Set/1.jpeg
00061.jpg,data/Images_Data_Set/1.jpg
00062.jpg,data/Images_Data_Set/100573506_4135534863124077_5565683290926481408_o.jpg
00063.jpg,data/Images_Data_Set/102413001_4193737050637191_4538395924461477918_o-1024x1024.jpg
00064.jpg,data/Images_Data_Set/104742068_4236891369655092_1310692541665698144_o-1024x1024.jpg
00065.jpg,data/Images_Data_Set/106454274_4298573070153588_7763785202011367291_o.jpg
00066.jpg,data/Images_Data_Set/11010d219a7e4d1628c60e8d37324a43.jpg
00067.jpg,data/Images_Data_Set/123134514_4875986172412272_6594549857229112994_o-1024x1024.jpg
00068.jpg,data/Images_Data_Set/123366889_4889698074374415_7408532531567964991_o-1024x1024.jpg
00069.jpg,data/Images_Data_Set/125492855_4940089532668602_9076012245369248797_o-1024x1024.jpg
00070.jpg,data/Images_Data_Set/13141A9D-14DF-4012-AD26-0C4111D212B5.jpg
00071.jpg,data/Images_Data_Set/148427305_5334126369931581_2936102159504541388_o1-1024x1024.jpg
00072.jpg,data/Images_Data_Set/15882395-f1cb-491a-8ef8-a2a60046e3f9.jpg
00073.jpeg,data/Images_Data_Set/1629503747-1964683232953454891597611625415820559486128n.jpeg
00074.jpg,data/Images_Data_Set/1647965514-draminsamadian_275465894_435786201566961_5588653623770969292_n-1.jpg
00075.jpg,data/Images_Data_Set/1647965717-draminsamadian_274652900_1007467113524875_8803100323341510034_n.jpg
00076.jpg,data/Images_Data_Set/1647965813-draminsamadian_273555405_479713563627028_380652588367329071_n-1.jpg
00077.jpg,data/Images_Data_Set/1906162103b027f8787795c82042bb05.jpg
00078.jpg,data/Images_Data_Set/1993edff-daf1-434e-aede-d80f114fa5c7.jpg
00079.jpg,data/Images_Data_Set/1b14145e78528e5b8f50cf22a9dffd55.jpg
00080.jpg,data/Images_Data_Set/1b2a83da-06ee-4a84-9a3d-57f971b88d08.jpg
00081.jpg,data/Images_Data_Set/1babb016-6746-480f-a1bc-ed265331e1da.jpg
00082.jpg,data/Images_Data_Set/1cd569d4219f2857ae7f90a27f3cbe62.jpg
00083.jpg,data/Images_Data_Set/1cee7b6fdc48274397e6dca54e0e4b29.jpg
00084.jpg,data/Images_Data_Set/1d01929c29553916223c5cc2bd0643bf.jpg
00085.jpg,data/Images_Data_Set/1e870c16d0676e85087893cbdee69abe.jpg
00086.jpeg,data/Images_Data_Set/2-1.jpeg
00087.jpg,data/Images_Data_Set/2.jpg
00088.jpg,data/Images_Data_Set/204872236cc61eda1aabf2a103096a11.jpg
00089.jpg,data/Images_Data_Set/20771aafa8e347e16fa761eb2b3a58d6.jpg
00090.jpg,data/Images_Data_Set/20aea519-8773-4ea6-97b4-474f8e573a6f.jpg
00091.jpg,data/Images_Data_Set/214d8cca-8660-41b5-8a9f-3f9be2cacad1.jpg
00092.jpg,data/Images_Data_Set/218b078e9609013f07a43ee96c47f5cf.jpg
00093.jpg,data/Images_Data_Set/2440db16-89b3-47e1-85e7-dee24d785696.jpg
00094.jpg,data/Images_Data_Set/255753701_6773127976031406_4277502902939064326_n-1024x1024.jpg
00095.jpg,data/Images_Data_Set/263c958f-8b77-420f-a1cb-34a5cab0e826.jpg
00096.jpg,data/Images_Data_Set/27ee73594c9a53e5fa4332a2c6cfaca9.jpg
00097.jpg,data/Images_Data_Set/282570d62600b05c824c843ccef234e5.jpg
00098.jpg,data/Images_Data_Set/286955AC-EA7D-4D3E-8EB7-4086D1B97F43.jpg
00099.jpg,data/Images_Data_Set/294754ed-25f6-4bdb-80f7-b368ac2764e1.jpg
00100.jpg,data/Images_Data_Set/29c7d41f-b215-4061-890b-46cd3006c939.jpg
00101.jpg,data/Images_Data_Set/2B33240D-A308-4331-B63A-78FE7CDE82A1.jpg
00102.jpg,data/Images_Data_Set/2b27eaa2-bc81-4e87-bc40-7b91c1071f57.jpg
00103.jpg,data/Images_Data_Set/2b79f7b53d725ce7482ca1067e233ddb.jpg
00104.jpg,data/Images_Data_Set/2bab5642-4ff6-4d62-8ae1-d88fb9e533b8.jpg
00105.jpg,data/Images_Data_Set/2ff38fbc-60bd-4da7-b89a-e5c85d4b803f.jpg
00106.jpg,data/Images_Data_Set/3.jpg
00107.jpg,data/Images_Data_Set/31f9c3aaee6d5deff259c063be88eba7.jpg
00108.jpg,data/Images_Data_Set/335588A9-5A28-4CBB-83CF-74C1A38D57CD.jpg
00109.jpg,data/Images_Data_Set/3403178aec4d9f18ae74d04e397ba2e5.jpg
00110.jpg,data/Images_Data_Set/3408b6cf-933d-47ce-982e-e669a078c439.jpg
00111.jpg,data/Images_Data_Set/34c4d0af7db97a973627e416b16cd85d.jpg
00112.jpg,data/Images_Data_Set/36c6b1f96fefc9c88ae52ee258d419ec.jpg
00113.jpg,data/Images_Data_Set/36feb073a644070fc2eea55dadc0ba33.jpg
00114.jpg,data/Images_Data_Set/37870485_2327206290623619_6064197533633085440_n.jpg
00115.jpg,data/Images_Data_Set/37a4b2da30e0f61f43805723620fe4e1.jpg
00116.jpg,data/Images_Data_Set/38450679a832abe5a728d81c260af28b.jpg
00117.jpg,data/Images_Data_Set/38677a3f-e99a-43f5-b642-022c67bb95e9.jpg
00118.jpg,data/Images_Data_Set/38f37d3c9f5d00fd509b8c16a13d57d2.jpg
00119.jpg,data/Images_Data_Set/39-female-after-porcelain-veneers.jpg
00120.jpg,data/Images_Data_Set/39-female-before-porcelain-veneers.jpg
00121.jpg,data/Images_Data_Set/398c9bce1474c2578993c9ad9b25be90.jpg
00122.jpg,data/Images_Data_Set/3BF4D248-E7D8-42C4-BA14-48293F808CF0.jpg
00123.jpg,data/Images_Data_Set/3b83a687-0379-468a-95b9-e14bea09fa00.jpg
00124.jpg,data/Images_Data_Set/3d8a5191-268c-4535-867d-15543e0e0f6a.jpg
00125.jpg,data/Images_Data_Set/3e55fe56-49cb-4fb4-a724-4681e3e4a63f.jpg
00126.jpg,data/Images_Data_Set/3f292d96-94d7-4ba2-9c02-f35ea6548f9c.jpg
00127.jpg,data/Images_Data_Set/4.jpg
00128.jpg,data/Images_Data_Set/400a03beb7863c08a91dcf1f0e3358eb.jpg
00129.jpg,data/Images_Data_Set/40587300-be0a-4be2-bd86-1a211add6060.jpg
00130.jpg,data/Images_Data_Set/418016b8-80a7-4cb8-9bdf-0a3f2866016a.jpg
00131.jpg,data/Images_Data_Set/4189ad8f-e700-4797-a0d6-ba724a025655.jpg
00132.jpg,data/Images_Data_Set/42-male-after-ceramic-veneers.jpg
00133.jpg,data/Images_Data_Set/42-male-before-ceramic-veneers.jpg
00134.jpg,data/Images_Data_Set/421cedcf9b85cd9116f5bd5e56a4e29a.jpg
00135.jpg,data/Images_Data_Set/42608013_2455789594431954_7552853758435131392_n1.jpg
00136.jpg,data/Images_Data_Set/4260a962-3d36-4755-ada5-7216a20f7057.jpg
00137.jpg,data/Images_Data_Set/42f7ab63-0927-42ae-aa96-4676dfdaa893.jpg
00138.jpg,data/Images_Data_Set/440c0ca89545c140d3e3fc95686065be.jpg
00139.jpg,data/Images_Data_Set/4429e0b2815477911218fb8d4c5bc2fe.jpg
00140.jpg,data/Images_Data_Set/4565b2b2d34625df9431e69789fd4997.jpg
00141.jpg,data/Images_Data_Set/464a65cfbf0a9ba09d73384b18cce252.jpg
00142.jpg,data/Images_Data_Set/47-male-after-ceramic-veneers.jpg
00143.jpg,data/Images_Data_Set/47-male-before-ceramic-veneers.jpg
00144.jpg,data/Images_Data_Set/471f1fe05cc3ded04db889354d1a85bc.jpg
00145.jpg,data/Images_Data_Set/47fa9f9d-5e8a-43a2-812e-30f0dce54a07.jpg
00146.jpg,data/Images_Data_Set/49192FDC-309E-4B6A-943E-0B4F937EDEA5.jpg
00147.jpg,data/Images_Data_Set/49dce6d2ae6f9f92bb507aafb5cbde81.jpg
00148.jpg,data/Images_Data_Set/4a3ffaa75c755b1695b242ed028055aa.jpg
00149.jpg,data/Images_Data_Set/4a6ee7a0-d01f-4f98-916a-34f8f6759b4d.jpg
00150.jpg,data/Images_Data_Set/4a76e6675e3ee0c8c28ff3b6d8a10f16.jpg
00151.jpg,data/Images_Data_Set/4b14edf0-2387-4751-a181-afd4b5604932.jpg
00152.jpg,data/Images_Data_Set/4bd26478-41d0-4f93-b005-b657328d77c3.jpg
00153.jpg,data/Images_Data_Set/4c6c3ceabfb07430409b16946b47fe93.jpg
00154.jpg,data/Images_Data_Set/4c9f36d63dd3fc0f461c2ab08fcbcfee.jpg
00155.jpg,data/Images_Data_Set/4d82b05078cb1f4d33df68bbe11e1875.jpg
00156.jpg,data/Images_Data_Set/4ea081c6ea77fb0cb0432e600f64c861.jpg
00157.jpg,data/Images_Data_Set/4f0f92f5f4956c87c75cc623e456a36c.jpg
00158.jpg,data/Images_Data_Set/4fac66b943bbd4150b04ad2be71beee5.jpg
00159.jpg,data/Images_Data_Set/5020d723-389c-4d94-9c79-e41bfd6e468c.jpg
00160.jpg,data/Images_Data_Set/50fc235a-206d-49e8-9b7b-ceae500512b5.jpg
00161.jpg,data/Images_Data_Set/537581fd-bea4-4f0a-8e7a-a5c90df9e0f6.jpg
00162.jpg,data/Images_Data_Set/555917c7c7bcfe0ab00c952bc52baf5b.jpg
00163.jpg,data/Images_Data_Set/56030201de03525ed23cd040ab17152f.jpg
00164.jpg,data/Images_Data_Set/56945020_2862789060398670_4690552827846590464_n1.jpg
00165.jpg,data/Images_Data_Set/594b8c704d93d5e4bb101b3bddaf336b.jpg
00166.jpg,data/Images_Data_Set/59bcdac6616b0417ce111e237c1a4c0d.jpg
00167.jpg,data/Images_Data_Set/5B514D54-6C25-4694-9F68-D279C202B283.jpg
00168.jpg,data/Images_Data_Set/5aed60d2f29549c3c534c99df0f3f346.jpg
00169.jpg,data/Images_Data_Set/5b519ad058bb178492d9444a7dd9e630.jpg
00170.jpg,data/Images_Data_Set/5dea1cf5-1a37-426f-8493-ff23d05dd328.jpg
00171.jpg,data/Images_Data_Set/604a4c09ff61c1fa82a3b8c55496e6c2.jpg
00172.jpg,data/Images_Data_Set/61c9be69-dadb-4b9f-8848-103c5fb635f6.jpg
00173.jpg,data/Images_Data_Set/62-female-after-crowns-veneers.jpg
00174.jpg,data/Images_Data_Set/62-female-before-crowns-veneers.jpg
00175.jpg,data/Images_Data_Set/624e97f2324cdf05e5aaa83bcbbcbc4a.jpg
00176.jpg,data/Images_Data_Set/62593376_3023295261014715_6953273532184788992_n.jpg
00177.jpg,data/Images_Data_Set/62C31A84-F87C-4913-85D8-12A6E01ADED8.jpg
00178.jpg,data/Images_Data_Set/65581233-b1cb-4808-8173-03caf5665f7b.jpg
00179.jpg,data/Images_Data_Set/65855f06fb390d2b38144d079f02ce5b.jpg
00180.jpg,data/Images_Data_Set/665d26e9-6d5d-411b-8cc4-eea5cab929cc.jpg
00181.jpg,data/Images_Data_Set/6835139a-2b1b-46a6-b870-97331fff9250.jpg
00182.jpg,data/Images_Data_Set/6861b5c9-6c23-4e93-b390-e0fe07f47ebe.jpg
00183.jpg,data/Images_Data_Set/69500249_3250867548257484_1550017542091702272_n.jpg
00184.jpg,data/Images_Data_Set/698de0a6e5c2a2b0dc4eb4600e347aa9.jpg
00185.jpg,data/Images_Data_Set/6a2b2fd5983ec169eb53f21841ffbec2.jpg
00186.jpg,data/Images_Data_Set/6af4cbf53d91293b8f2f4ad23bcfc4fc.jpg
00187.jpg,data/Images_Data_Set/6b14ec23-1c3c-442d-a92f-162d3904081e.jpg
00188.jpg,data/Images_Data_Set/6c0e11266fc0190e74f2ec5e1707944a.jpg
00189.jpg,data/Images_Data_Set/6cbb8e8722e320027564f84a61327ff0.jpg
00190.jpg,data/Images_Data_Set/6d87aca763cb6acd361f3319b71992e8.jpg
00191.jpg,data/Images_Data_Set/6dc9fc20-1386-4ba9-b8cd-c11e21134551.jpg
00192.jpg,data/Images_Data_Set/6dce9ab9-309c-49a3-8099-794d569c8c5f.jpg
00193.jpg,data/Images_Data_Set/72037940_3325223607488544_2365403120298622976_n.jpg
00194.jpg,data/Images_Data_Set/72d706098f90e0e33ec6a4fab0e962f5.jpg
00195.jpg,data/Images_Data_Set/72ed54fc47be3dfd9292875d2d937f7b.jpg
00196.jpg,data/Images_Data_Set/732775822822cc9f21f955b746c39aa7.jpg
00197.jpg,data/Images_Data_Set/73446222_3414400978570806_4302856111540666368_n.jpg
00198.jpg,data/Images_Data_Set/737D085B-0887-48A6-BD1A-EA67A39FCACA.jpg
00199.jpg,data/Images_Data_Set/73bd190d58ed8cd0ef36bd8884235ae6.jpg
00200.jpg,data/Images_Data_Set/73cd379fa5cda8c256ca784f376150ad.jpg
00201.jpg,data/Images_Data_Set/74687765_4276427845701444_3045802895109665455_o-1024x1024.jpg
00202.jpg,data/Images_Data_Set/74A43F6D-999E-4635-A02E-05ED8A2B64C6.jpg
00203.jpg,data/Images_Data_Set/74c52f9e3859cd037bbb904109c92de8.jpg
00204.jpg,data/Images_Data_Set/75082267_3445220148822222_3395946983574208512_o.jpg
00205.jpg,data/Images_Data_Set/7573760bf892e61299fadf54a6527ab7.jpg
00206.jpg,data/Images_Data_Set/758abcf9-c141-4dbd-b584-0638846253dc.jpg
00207.jpg,data/Images_Data_Set/76747538_3488125301198373_3829843486262165504_o.jpg
00208.jpg,data/Images_Data_Set/78751866_3532953520048884_8757771124969832448_o.jpg
00209.jpg,data/Images_Data_Set/7875b088-f15a-446f-a25a-377fef30c758.jpg
00210.jpg,data/Images_Data_Set/788e20f6eeacae6ce7c57d865f111c27.jpg
00211.jpg,data/Images_Data_Set/78920739_3522262421117994_5749969638834307072_n.jpg
00212.jpg,data/Images_Data_Set/79195888_3512304395447130_4354312890648363008_o.jpg
00213.jpg,data/Images_Data_Set/79373694_3540016812675888_1614629827501883392_o1.jpg
00214.jpg,data/Images_Data_Set/7a25c025-3d3d-454d-9166-c73e1efaf4df.jpg
00215.jpg,data/Images_Data_Set/7becca8f-ba4c-4ab2-9c2b-c00e5eaa3f74.jpg
00216.jpg,data/Images_Data_Set/7e2c5612-0c43-469e-aec2-994a820d5acc.jpg
00217.jpg,data/Images_Data_Set/7e59a2e3bd3664b73083366c6ddadf65.jpg
00218.jpg,data/Images_Data_Set/7ecb8598899f79787292b8ef8cdbbf64.jpg
00219.jpg,data/Images_Data_Set/7f2c818d43a8f63c374bdcbd22be7345.jpg
00220.jpg,data/Images_Data_Set/81334184_3598511403493095_1458216614754254848_o.jpg
00221.jpg,data/Images_Data_Set/82232816_3668712109806357_1486067136911638528_o.jpg
00222.jpg,data/Images_Data_Set/82889882_3687309414613293_4063445718109519872_o.jpg
00223.jpg,data/Images_Data_Set/82fb6a65-9385-4bec-8651-8a9822f3d0ce.jpg
00224.jpg,data/Images_Data_Set/832f6e9b-4902-4fa2-9af7-a60cd0c77003.jpg
00225.jpg,data/Images_Data_Set/83915621_3762109683799932_1370547136717914112_o.jpg
00226.jpg,data/Images_Data_Set/844ca618-a67b-4532-a594-229ca17c5e4d.jpg
00227.jpg,data/Images_Data_Set/84ea659ccbaa09d7f4ebfb7785476f80.jpg
00228.jpg,data/Images_Data_Set/86443397c90da14609d32580da1d3b11.jpg
00229.jpg,data/Images_Data_Set/87ef9470a50e5400553fec17efb66bdc.jpg
00230.jpg,data/Images_Data_Set/891c3c39e6304395be430787f73e765e.jpg
00231.jpg,data/Images_Data_Set/8BD73CF7-CA72-4E71-90DD-941458BAC635.jpg
00232.jpg,data/Images_Data_Set/8F97383C-5084-44B3-88FE-8B2F2B35980D.jpg
00233.jpg,data/Images_Data_Set/8a3eb6427ad2bd4eed2db614f3e8ceb9.jpg
00234.jpg,data/Images_Data_Set/8b0134ea-d76f-40ff-b366-fc9235745b0c.jpg
00235.jpg,data/Images_Data_Set/8b4aebf8-018d-4af9-a821-0e306f1a8f93.jpg
00236.jpg,data/Images_Data_Set/8c128dcf-d06d-4cdd-9802-720b184b39bd.jpg
00237.jpg,data/Images_Data_Set/8e85eda939f77c4e62d9ab718065519a.jpg
00238.jpg,data/Images_Data_Set/90a92f03-fbc9-4519-91a4-ad7eb9273207.jpg
00239.jpg,data/Images_Data_Set/91c3205da859d7ea5c66557d25f0f1d1.jpg
00240.jpg,data/Images_Data_Set/91e3ba1abf5f23467f5b7fc1f0bc9397.jpg
00241.jpg,data/Images_Data_Set/93576208_3985171351493763_1897700388857970688_o.jpg
00242.jpg,data/Images_Data_Set/936ab1ee-21bb-4278-9f00-c834c28b7e74.jpg
00243.jpg,data/Images_Data_Set/93c3f8e219108a4db564964ff995b785.jpg
00244.jpg,data/Images_Data_Set/9418835d-190d-4f0f-aab6-d965d0074310.jpg
00245.jpg,data/Images_Data_Set/94DBCF72-F19B-42CF-9416-80DB3CC34065.jpg
00246.jpg,data/Images_Data_Set/95795cb3d02ba86a74eb42826155b660.jpg
00247.jpg,data/Images_Data_Set/96417226_4051372378206993_6162129737238970368_o.jpg
00248.jpg,data/Images_Data_Set/967AEE3B-F51F-4C67-9D52-DE6C56DA571D.jpg
00249.jpg,data/Images_Data_Set/97110318_4070409942969903_9025396644627087360_o.jpg
00250.jpg,data/Images_Data_Set/9786112d3d0e80f8739b615bc490f7b0.jpg
00251.jpg,data/Images_Data_Set/98d63dde6ff68cef06cbb302faa49a40.jpg
00252.jpg,data/Images_Data_Set/9950808370c2a90ca07fb6d3f8666844.jpg
00253.jpg,data/Images_Data_Set/99AD3A9B-F531-471D-B0BA-191531C9EB2B.jpg
00254.jpg,data/Images_Data_Set/9b5c1827-3455-4aea-a522-435770a6fa95.jpg
00255.jpg,data/Images_Data_Set/9d2134b3dc68c5c4a43a45029d5413e4.jpg
00256.jpg,data/Images_Data_Set/9e4157ac-1da6-4818-933e-f47e7bf3831a.jpg
00257.jpg,data/Images_Data_Set/B640BB65-3147-4510-9F33-57FDF1C3D079.jpg
00258.jpg,data/Images_Data_Set/B7F4E8C3-C5A0-4E25-AAB4-7EDC3761F6B6.jpg
00259.jpg,data/Images_Data_Set/BF21A4E4-6128-4F86-9BDC-E7D1787B48DC.jpg
00260.jpg,data/Images_Data_Set/C8C00205-ACA0-43BD-A616-5EF901A66AA8.jpg
00261.jpg,data/Images_Data_Set/CF91EFD6-CB33-4072-AE7F-B458BAF255EB-1.jpg
00262.jpg,data/Images_Data_Set/Composite-Bonding-Before-And-After-Cosmetic-Dentist-in-London-10-1.jpg
00263.jpg,data/Images_Data_Set/Composite-Bonding-Before-And-After-Cosmetic-Dentist-in-London-11-1.jpg
00264.jpg,data/Images_Data_Set/Composite-Bonding-Before-And-After-Cosmetic-Dentist-in-London-13-1.jpg
00265.jpg,data/Images_Data_Set/Composite-Bonding-Before-And-After-Cosmetic-Dentist-in-London-15-1.jpg
00266.jpg,data/Images_Data_Set/Composite-Bonding-Before-And-After-Cosmetic-Dentist-in-London-16-1.jpg
00267.jpg,data/Images_Data_Set/Composite-Bonding-Before-And-After-Cosmetic-Dentist-in-London-17-1.jpg
00268.jpg,data/Images_Data_Set/Composite-Bonding-Before-And-After-Cosmetic-Dentist-in-London-21-1.jpg
00269.jpg,data/Images_Data_Set/Composite-Bonding-Before-And-After-Cosmetic-Dentist-in-London-5-1 (1).jpg
00270.jpg,data/Images_Data_Set/Composite-Bonding-Before-And-After-Cosmetic-Dentist-in-London-5-1.jpg
00271.jpg,data/Images_Data_Set/Composite-Bonding-Before-And-After-Front-Teeth-Cosmetic-Dentist-London-4.jpg
00272.jpg,data/Images_Data_Set/Composite-Bonding-Before-And-After-Gaps-In-Teeth-Cosmetic-Dentist-London-5.jpg
00273.jpg,data/Images_Data_Set/D11B1A4B-9CF1-4E58-8AB8-772C094AD88E.jpg
00274.jpg,data/Images_Data_Set/D5407E0A-BFDC-4962-86D9-F9F975F4A7E9.jpg
00275.jpg,data/Images_Data_Set/D6BD6C0A-56BC-453D-8FBD-7DC55EEEC70F.jpg
00276.jpg,data/Images_Data_Set/E3472E92-19CE-492B-8E23-CA92FFA0753B.jpg
00277.jpg,data/Images_Data_Set/F484FC08-0219-41E8-AE6D-0B36042BBC3D.jpg
00278.jpg,data/Images_Data_Set/FB_IMG_1759592402931.jpg
00279.jpg,data/Images_Data_Set/FB_IMG_1759592411749.jpg
00280.jpg,data/Images_Data_Set/FB_IMG_1759592433543.jpg
00281.jpg,data/Images_Data_Set/FB_IMG_1759592551617.jpg
00282.jpg,data/Images_Data_Set/FB_IMG_1759592563000.jpg
00283.jpg,data/Images_Data_Set/FB_IMG_1759592572730.jpg
00284.jpg,data/Images_Data_Set/FB_IMG_1759592578744.jpg
00285.jpg,data/Images_Data_Set/FB_IMG_1759592621299.jpg
00286.jpg,data/Images_Data_Set/FB_IMG_1759592628695.jpg
00287.jpg,data/Images_Data_Set/FB_IMG_1759592638539.jpg
00288.jpg,data/Images_Data_Set/FB_IMG_1759592648183.jpg
00289.jpg,data/Images_Data_Set/FB_IMG_1759592653485.jpg
00290.jpg,data/Images_Data_Set/FB_IMG_1759592666527.jpg
00291.jpg,data/Images_Data_Set/FB_IMG_1759592674207.jpg
00292.jpg,data/Images_Data_Set/FB_IMG_1759592680203.jpg
00293.jpg,data/Images_Data_Set/FB_IMG_1759592733146.jpg
00294.jpg,data/Images_Data_Set/FB_IMG_1759592738499.jpg
00295.jpg,data/Images_Data_Set/FB_IMG_1759592744897.jpg
00296.jpg,data/Images_Data_Set/FB_IMG_1759592749988.jpg
00297.jpg,data/Images_Data_Set/FB_IMG_1759592797806.jpg
00298.jpg,data/Images_Data_Set/FB_IMG_1759592804618.jpg
00299.jpg,data/Images_Data_Set/FB_IMG_1759592813754.jpg
00300.jpg,data/Images_Data_Set/FB_IMG_1759592822658.jpg
00301.jpg,data/Images_Data_Set/FB_IMG_1759592833026.jpg
00302.jpg,data/Images_Data_Set/FB_IMG_1759592848703.jpg
00303.jpg,data/Images_Data_Set/FB_IMG_1759592855659.jpg
00304.jpg,data/Images_Data_Set/FB_IMG_1759592860451.jpg
00305.jpg,data/Images_Data_Set/FB_IMG_1759592878950.jpg
00306.jpg,data/Images_Data_Set/FB_IMG_1759592887631.jpg
00307.jpg,data/Images_Data_Set/FB_IMG_1759592895315.jpg
00308.jpg,data/Images_Data_Set/FB_IMG_1759593071556.jpg
00309.jpg,data/Images_Data_Set/FB_IMG_1759593080480.jpg
00310.jpg,data/Images_Data_Set/FB_IMG_1759593104554.jpg
00311.jpg,data/Images_Data_Set/FB_IMG_1759593141788.jpg
00312.jpg,data/Images_Data_Set/FB_IMG_1759593188724.jpg
00313.jpg,data/Images_Data_Set/FB_IMG_1759593198627.jpg
00314.jpg,data/Images_Data_Set/FB_IMG_1759593228581.jpg
00315.jpg,data/Images_Data_Set/FB_IMG_1759593411682.jpg
00316.jpg,data/Images_Data_Set/FB_IMG_1759593421948.jpg
00317.jpg,data/Images_Data_Set/FB_IMG_1759593432294.jpg
00318.jpg,data/Images_Data_Set/FB_IMG_1759593439005.jpg
00319.jpg,data/Images_Data_Set/FB_IMG_1759593443887.jpg
00320.jpg,data/Images_Data_Set/FB_IMG_1759593463677.jpg
00321.jpg,data/Images_Data_Set/FB_IMG_1759593468378.jpg
00322.jpg,data/Images_Data_Set/FB_IMG_1759593485884.jpg
00323.jpg,data/Images_Data_Set/FB_IMG_1759593495882.jpg
00324.jpg,data/Images_Data_Set/FB_IMG_1759593508584.jpg
00325.jpg,data/Images_Data_Set/FB_IMG_1759593525156.jpg
00326.jpg,data/Images_Data_Set/FB_IMG_1759593534379.jpg
00327.jpg,data/Images_Data_Set/FB_IMG_1759593539042.jpg
00328.jpg,data/Images_Data_Set/FB_IMG_1759593575742.jpg
00329.jpg,data/Images_Data_Set/FB_IMG_1759593608568.jpg
00330.jpg,data/Images_Data_Set/FB_IMG_1759593615200.jpg
00331.jpg,data/Images_Data_Set/FB_IMG_1759593624331.jpg
00332.jpg,data/Images_Data_Set/FB_IMG_1759594242744.jpg
00333.jpg,data/Images_Data_Set/FB_IMG_1759594247407.jpg
00334.jpg,data/Images_Data_Set/FB_IMG_1759594251699.jpg
00335.jpg,data/Images_Data_Set/FB_IMG_1759594256211.jpg
00336.jpg,data/Images_Data_Set/FB_IMG_1759594263291.jpg
00337.jpg,data/Images_Data_Set/FB_IMG_1759594267037.jpg
00338.jpg,data/Images_Data_Set/FB_IMG_1759594280321.jpg
00339.jpg,data/Images_Data_Set/FB_IMG_1759594287379.jpg
00340.jpg,data/Images_Data_Set/FB_IMG_1759594293374.jpg
00341.jpg,data/Images_Data_Set/FB_IMG_1759594298017.jpg
00342.jpg,data/Images_Data_Set/FB_IMG_1759594301857.jpg
00343.jpg,data/Images_Data_Set/FB_IMG_1759594305891.jpg
00344.jpg,data/Images_Data_Set/FB_IMG_1759594319433.jpg
00345.jpg,data/Images_Data_Set/FB_IMG_1759594322983.jpg
00346.jpg,data/Images_Data_Set/FB_IMG_1759594329404.jpg
00347.jpg,data/Images_Data_Set/FB_IMG_1759594333216.jpg
00348.jpg,data/Images_Data_Set/FB_IMG_1759594343232.jpg
00349.jpg,data/Images_Data_Set/FB_IMG_1759594348472.jpg
00350.jpg,data/Images_Data_Set/FB_IMG_1759594355542.jpg
00351.jpg,data/Images_Data_Set/FB_IMG_1759594360456.jpg
00352.jpg,data/Images_Data_Set/FB_IMG_1759594366206.jpg
00353.jpg,data/Images_Data_Set/FB_IMG_1759594369768.jpg
00354.jpg,data/Images_Data_Set/FB_IMG_1759594375146.jpg
00355.jpg,data/Images_Data_Set/FB_IMG_1759594385159.jpg
00356.jpg,data/Images_Data_Set/FB_IMG_1759594392841.jpg
00357.jpg,data/Images_Data_Set/FB_IMG_1759594399784.jpg
00358.jpg,data/Images_Data_Set/FB_IMG_1759594403799.jpg
00359.jpg,data/Images_Data_Set/FB_IMG_1759594407374.jpg
00360.jpg,data/Images_Data_Set/FB_IMG_1759594414910.jpg
00361.jpg,data/Images_Data_Set/FB_IMG_1759594436094.jpg
00362.jpg,data/Images_Data_Set/FB_IMG_1759594441795.jpg
00363.jpg,data/Images_Data_Set/FB_IMG_1759594445611.jpg
00364.jpg,data/Images_Data_Set/FB_IMG_1759594452259.jpg
00365.jpg,data/Images_Data_Set/FB_IMG_1759594455755.jpg
00366.jpg,data/Images_Data_Set/FB_IMG_1759594462883.jpg
00367.jpg,data/Images_Data_Set/FB_IMG_1759594468342.jpg
00368.jpg,data/Images_Data_Set/FB_IMG_1759594471911.jpg
00369.jpg,data/Images_Data_Set/FB_IMG_1759594477964.jpg
00370.jpg,data/Images_Data_Set/FB_IMG_1759594482641.jpg
00371.jpg,data/Images_Data_Set/FB_IMG_1759594488394.jpg
00372.jpg,data/Images_Data_Set/FB_IMG_1759594492317.jpg
00373.jpg,data/Images_Data_Set/FB_IMG_1759594499767.jpg
00374.jpg,data/Images_Data_Set/FB_IMG_1759594505332.jpg
00375.jpg,data/Images_Data_Set/FB_IMG_1759594512219.jpg
00376.jpg,data/Images_Data_Set/FB_IMG_1759594521047.jpg
00377.jpg,data/Images_Data_Set/FB_IMG_1759594527501.jpg
00378.jpg,data/Images_Data_Set/FB_IMG_1759594531781.jpg
00379.jpg,data/Images_Data_Set/FB_IMG_1759594537883.jpg
00380.jpg,data/Images_Data_Set/FB_IMG_1759594541832.jpg
00381.jpg,data/Images_Data_Set/FB_IMG_1759594550608.jpg
00382.jpg,data/Images_Data_Set/FB_IMG_1759594554691.jpg
00383.jpg,data/Images_Data_Set/FB_IMG_1759594572439.jpg
00384.jpg,data/Images_Data_Set/FB_IMG_1759594578514.jpg
00385.jpg,data/Images_Data_Set/FB_IMG_1759603577795.jpg
00386.jpg,data/Images_Data_Set/FB_IMG_1759603598386.jpg
00387.jpg,data/Images_Data_Set/FB_IMG_1759603621633.jpg
00388.jpg,data/Images_Data_Set/FB_IMG_1759603629206.jpg
00389.jpg,data/Images_Data_Set/FB_IMG_1759603868912.jpg
00390.jpg,data/Images_Data_Set/FB_IMG_1759603873705.jpg
00391.jpg,data/Images_Data_Set/FB_IMG_1759603880725.jpg
00392.jpg,data/Images_Data_Set/FB_IMG_1759603899863.jpg
00393.jpg,data/Images_Data_Set/FB_IMG_1759603904051.jpg
00394.jpg,data/Images_Data_Set/FB_IMG_1759603948209.jpg
00395.jpg,data/Images_Data_Set/FB_IMG_1759603952334.jpg
00396.jpg,data/Images_Data_Set/FB_IMG_1759603957549.jpg
00397.jpg,data/Images_Data_Set/FB_IMG_1759603961699.jpg
00398.jpg,data/Images_Data_Set/FB_IMG_1759639232913.jpg
00399.jpg,data/Images_Data_Set/FB_IMG_1759639238775.jpg
00400.jpg,data/Images_Data_Set/FB_IMG_1759639253114.jpg
00401.jpg,data/Images_Data_Set/FB_IMG_1759639257213.jpg
00402.jpg,data/Images_Data_Set/FB_IMG_1759639261199.jpg
00403.jpg,data/Images_Data_Set/FB_IMG_1759639265071.jpg
00404.jpg,data/Images_Data_Set/FB_IMG_1759639268889.jpg
00405.jpg,data/Images_Data_Set/FB_IMG_1759639288052.jpg
00406.jpg,data/Images_Data_Set/FB_IMG_1759639291342.jpg
00407.jpg,data/Images_Data_Set/FB_IMG_1759639294508.jpg
00408.jpg,data/Images_Data_Set/FB_IMG_1759639309257.jpg
00409.jpg,data/Images_Data_Set/FB_IMG_1759639313120.jpg
00410.jpg,data/Images_Data_Set/FB_IMG_1759639317268.jpg
00411.jpg,data/Images_Data_Set/FB_IMG_1759639319700.jpg
00412.jpg,data/Images_Data_Set/FB_IMG_1759639324377.jpg
00413.jpg,data/Images_Data_Set/FB_IMG_1759639878144.jpg
00414.jpg,data/Images_Data_Set/FB_IMG_1759639890435.jpg
00415.jpg,data/Images_Data_Set/FB_IMG_1759639910070.jpg
00416.jpg,data/Images_Data_Set/FB_IMG_1759639916793.jpg
00417.jpg,data/Images_Data_Set/FB_IMG_1759639921880.jpg
00418.jpg,data/Images_Data_Set/FB_IMG_1759639933494.jpg
00419.jpg,data/Images_Data_Set/FB_IMG_1759639937248.jpg
00420.jpg,data/Images_Data_Set/FB_IMG_1759639944160.jpg
00421.jpg,data/Images_Data_Set/FB_IMG_1759639949424.jpg
00422.jpg,data/Images_Data_Set/FB_IMG_1759639958452.jpg
00423.jpg,data/Images_Data_Set/FB_IMG_1759639965919.jpg
00424.jpg,data/Images_Data_Set/FB_IMG_1759639971855.jpg
00425.jpg,data/Images_Data_Set/FB_IMG_1759639977291.jpg
00426.jpg,data/Images_Data_Set/FB_IMG_1759639982490.jpg
00427.jpg,data/Images_Data_Set/FB_IMG_1759639987625.jpg
00428.jpg,data/Images_Data_Set/FB_IMG_1759639991831.jpg
00429.jpg,data/Images_Data_Set/FB_IMG_1759639996251.jpg
00430.jpg,data/Images_Data_Set/FB_IMG_1759640001105.jpg
00431.jpg,data/Images_Data_Set/FB_IMG_1759640008241.jpg
00432.jpg,data/Images_Data_Set/FB_IMG_1759640016246.jpg
00433.jpg,data/Images_Data_Set/FB_IMG_1759640022368.jpg
00434.jpg,data/Images_Data_Set/FB_IMG_1759640026550.jpg
00435.jpg,data/Images_Data_Set/FB_IMG_1759640038198.jpg
00436.jpg,data/Images_Data_Set/FB_IMG_1759640041883.jpg
00437.jpg,data/Images_Data_Set/FB_IMG_1759640046201.jpg
00438.jpg,data/Images_Data_Set/FB_IMG_1759640052777.jpg
00439.jpg,data/Images_Data_Set/FB_IMG_1759640057020.jpg
00440.jpg,data/Images_Data_Set/FB_IMG_1759640061084.jpg
00441.jpg,data/Images_Data_Set/FB_IMG_1759640067622.jpg
00442.jpg,data/Images_Data_Set/FB_IMG_1759640071815.jpg
00443.jpg,data/Images_Data_Set/FB_IMG_1759640078339.jpg
00444.jpg,data/Images_Data_Set/FB_IMG_1759640083637.jpg
00445.jpg,data/Images_Data_Set/FB_IMG_1759640092140.jpg
